{
  "updated": "2026-02-13T03:15:50.204006Z",
  "products": [
    {
      "id": "morp-001",
      "name": "Cane side table",
      "category": "Cane",
      "location": "Morpeth Outlet",
      "pickup": "Morpeth Antique Centre (175 Swan St, Morpeth NSW 2321)",
      "delivery": "Can be brought to Central Coast / local delivery by arrangement",
      "price": "$00.00",
      "image": "",
      "tags": [
        "outlet",
        "rotating"
      ]
    },
    {
      "id": "morp-002",
      "name": "Vintage table lamp (brass)",
      "category": "Lighting",
      "subcategory": "Paired Lamps",
      "location": "Morpeth Outlet",
      "pickup": "Morpeth Antique Centre (175 Swan St, Morpeth NSW 2321)",
      "delivery": "Can be brought to Central Coast / local delivery by arrangement",
      "price": "$00.00",
      "image": "",
      "tags": [
        "outlet",
        "rotating"
      ]
    },
    {
      "id": "morp-003",
      "name": "Glass decanter set",
      "category": "Glass",
      "location": "Morpeth Outlet",
      "pickup": "Morpeth Antique Centre (175 Swan St, Morpeth NSW 2321)",
      "delivery": "Post / courier or bring-to by arrangement",
      "price": "$00.00",
      "image": "",
      "tags": [
        "outlet",
        "rotating"
      ]
    },
    {
      "id": "morp-004",
      "name": "Mid-century wall sconce",
      "category": "Lighting",
      "subcategory": "Lamp bases only",
      "location": "Morpeth Outlet",
      "pickup": "Morpeth Antique Centre (175 Swan St, Morpeth NSW 2321)",
      "delivery": "Post / courier or bring-to by arrangement",
      "price": "$00.00",
      "image": "",
      "tags": [
        "outlet",
        "rotating"
      ]
    },
    {
      "id": "morp-lamp-005",
      "name": "Custom lamp \u2013 shades only",
      "category": "Lighting",
      "subcategory": "Shades only",
      "location": "Morpeth Outlet",
      "pickup": "Morpeth Antique Centre (175 Swan St, Morpeth NSW 2321)",
      "delivery": "Can be brought to Central Coast / local delivery by arrangement",
      "price": "$00.00",
      "image": "",
      "tags": [
        "outlet",
        "lighting"
      ]
    },
    {
      "id": "morp-lamp-006",
      "name": "Custom lamp \u2013 fabric",
      "category": "Lighting",
      "subcategory": "Fabric",
      "location": "Morpeth Outlet",
      "pickup": "Morpeth Antique Centre (175 Swan St, Morpeth NSW 2321)",
      "delivery": "Can be brought to Central Coast / local delivery by arrangement",
      "price": "$00.00",
      "image": "",
      "tags": [
        "outlet",
        "lighting"
      ]
    },
    {
      "id": "morp-lamp-007",
      "name": "Custom lamp \u2013 embellishments",
      "category": "Lighting",
      "subcategory": "Embellishments",
      "location": "Morpeth Outlet",
      "pickup": "Morpeth Antique Centre (175 Swan St, Morpeth NSW 2321)",
      "delivery": "Can be brought to Central Coast / local delivery by arrangement",
      "price": "$00.00",
      "image": "",
      "tags": [
        "outlet",
        "lighting"
      ]
    },
    {
      "id": "morp-lamp-008",
      "name": "Custom lamp \u2013 parts",
      "category": "Lighting",
      "subcategory": "Parts",
      "location": "Morpeth Outlet",
      "pickup": "Morpeth Antique Centre (175 Swan St, Morpeth NSW 2321)",
      "delivery": "Can be brought to Central Coast / local delivery by arrangement",
      "price": "$00.00",
      "image": "",
      "tags": [
        "outlet",
        "lighting"
      ]
    },
    {
      "id": "morpeth-ph-1",
      "name": "New arrival (placeholder)",
      "category": "Decor",
      "price": 0,
      "location": "Morpeth Outlet",
      "notes": "Placeholder: swap with actual listing."
    },
    {
      "id": "morpeth-ph-2",
      "name": "New arrival (placeholder)",
      "category": "Decor",
      "price": 0,
      "location": "Morpeth Outlet",
      "notes": "Placeholder: swap with actual listing."
    },
    {
      "id": "morpeth-ph-3",
      "name": "New arrival (placeholder)",
      "category": "Decor",
      "price": 0,
      "location": "Morpeth Outlet",
      "notes": "Placeholder: swap with actual listing."
    },
    {
      "id": "morpeth-ph-4",
      "name": "New arrival (placeholder)",
      "category": "Decor",
      "price": 0,
      "location": "Morpeth Outlet",
      "notes": "Placeholder: swap with actual listing."
    },
    {
      "id": "morpeth-ph-5",
      "name": "New arrival (placeholder)",
      "category": "Decor",
      "price": 0,
      "location": "Morpeth Outlet",
      "notes": "Placeholder: swap with actual listing."
    },
    {
      "id": "morpeth-ph-6",
      "name": "New arrival (placeholder)",
      "category": "Decor",
      "price": 0,
      "location": "Morpeth Outlet",
      "notes": "Placeholder: swap with actual listing."
    },
    {
      "id": "morpeth-ph-7",
      "name": "New arrival (placeholder)",
      "category": "Decor",
      "price": 0,
      "location": "Morpeth Outlet",
      "notes": "Placeholder: swap with actual listing."
    },
    {
      "id": "morpeth-ph-8",
      "name": "New arrival (placeholder)",
      "category": "Decor",
      "price": 0,
      "location": "Morpeth Outlet",
      "notes": "Placeholder: swap with actual listing."
    }
  ]
}