{
  "updated": "2026-02-13T03:15:50.204006Z",
  "products": [
    {
      "id": "morp-001",
      "name": "Cane side table",
      "category": "Cane",
      "location": "Morpeth Outlet",
      "pickup": "Morpeth Antique Centre (175 Swan St, Morpeth NSW 2321)",
      "delivery": "Can be brought to Central Coast / local delivery by arrangement",
      "price": "$00.00",
      "image": "",
      "tags": [
        "outlet",
        "rotating"
      ]
    },
    {
      "id": "morp-002",
      "name": "Vintage table lamp (brass)",
      "category": "Lighting",
      "subcategory": "Paired Lamps",
      "location": "Morpeth Outlet",
      "pickup": "Morpeth Antique Centre (175 Swan St, Morpeth NSW 2321)",
      "delivery": "Can be brought to Central Coast / local delivery by arrangement",
      "price": "$00.00",
      "image": "",
      "tags": [
        "outlet",
        "rotating"
      ]
    },
    {
      "id": "morp-003",
      "name": "Glass decanter set",
      "category": "Glass",
      "location": "Morpeth Outlet",
      "pickup": "Morpeth Antique Centre (175 Swan St, Morpeth NSW 2321)",
      "delivery": "Post / courier or bring-to by arrangement",
      "price": "$00.00",
      "image": "",
      "tags": [
        "outlet",
        "rotating"
      ]
    },
    {
      "id": "morp-004",
      "name": "Mid-century wall sconce",
      "category": "Lighting",
      "subcategory": "Lamp bases only",
      "location": "Morpeth Outlet",
      "pickup": "Morpeth Antique Centre (175 Swan St, Morpeth NSW 2321)",
      "delivery": "Post / courier or bring-to by arrangement",
      "price": "$00.00",
      "image": "",
      "tags": [
        "outlet",
        "rotating"
      ]
    },
    {
      "id": "full-001",
      "name": "Timber sideboard (MCM)",
      "category": "Sideboards",
      "location": "Warehouse / Full Range",
      "pickup": "Pickup by arrangement (Central Coast)",
      "delivery": "Delivery available by arrangement",
      "price": "$00.00",
      "image": "",
      "tags": [
        "full"
      ]
    },
    {
      "id": "full-002",
      "name": "Patterned fabric bundle",
      "category": "Fabrics",
      "location": "Warehouse / Full Range",
      "pickup": "Pickup by arrangement (Central Coast)",
      "delivery": "Post / courier available",
      "price": "$00.00",
      "image": "",
      "tags": [
        "full"
      ]
    },
    {
      "id": "full-003",
      "name": "Small ceramic oddity",
      "category": "Decor",
      "location": "Warehouse / Full Range",
      "pickup": "Pickup by arrangement (Central Coast)",
      "delivery": "Post / courier available",
      "price": "$00.00",
      "image": "",
      "tags": [
        "full"
      ]
    },
    {
      "id": "full-004",
      "name": "Rattan chair (cane)",
      "category": "Cane",
      "location": "Warehouse / Full Range",
      "pickup": "Pickup by arrangement (Central Coast)",
      "delivery": "Delivery available by arrangement",
      "price": "$00.00",
      "image": "",
      "tags": [
        "full"
      ]
    }
  ]
}